H,step,v3d,pi3d,v2d,pi2d
0.2,47,0.099,0.391,0.189,0.806
0.2,48,0.099,0.388,0.188,0.832
0.2,46,0.099,0.42,0.185,0.895
0.2,45,0.099,0.391,0.188,0.76
0.2,74,0.146,0.392,0.277,0.805
0.2,75,0.146,0.389,0.277,0.83
0.2,73,0.146,0.391,0.272,0.894
0.2,72,0.146,0.39,0.276,0.759
0.2,101,0.214,0.411,0.407,0.805
0.2,102,0.214,0.426,0.406,0.83
0.2,100,0.214,0.467,0.4,0.894
0.2,99,0.214,0.39,0.405,0.759
0.2,128,0.314,0.411,0.597,0.804
0.2,129,0.314,0.426,0.596,0.83
0.2,127,0.314,0.467,0.587,0.894
0.2,126,0.314,0.39,0.594,0.758
0.2,153,0.46,0.39,0.872,0.758
0.2,155,0.461,0.411,0.876,0.804
0.2,160,0.461,0.425,0.874,0.829
0.2,154,0.461,0.467,0.862,0.894
0.2,185,0.675,0.468,1.262,0.894
0.2,184,0.675,0.389,1.279,0.757
0.2,186,0.676,0.411,1.285,0.804
0.2,191,0.676,0.425,1.282,0.829
0.2,216,0.991,0.467,1.852,0.893
0.2,215,0.991,0.389,1.876,0.757
0.2,217,0.992,0.41,1.886,0.803
0.2,222,0.993,0.425,1.882,0.828
0.2,247,1.455,0.388,2.754,0.756
0.2,249,1.456,0.41,2.768,0.801
0.2,248,1.456,0.467,2.719,0.892
0.2,254,1.457,0.424,2.762,0.826
0.2,283,2.134,0.387,4.037,0.753
0.2,284,2.135,0.466,3.985,0.89
0.2,286,2.136,0.408,4.06,0.798
0.2,291,2.138,0.422,4.05,0.822
0.2,321,3.133,0.385,5.919,0.748
0.2,323,3.134,0.463,5.849,0.886
0.2,324,3.136,0.406,5.955,0.793
0.2,330,3.138,0.419,5.94,0.816
0.2,364,4.597,0.382,8.671,0.742
0.2,366,4.6,0.46,8.586,0.881
0.2,367,4.601,0.404,8.731,0.788
0.2,373,4.606,0.416,8.71,0.809
0.2,411,6.748,0.379,12.691,0.734
0.2,416,6.751,0.455,12.608,0.873
0.2,415,6.754,0.401,12.798,0.781
0.2,422,6.76,0.412,12.77,0.8
0.2,465,9.904,0.376,18.552,0.723
0.2,473,9.909,0.45,18.524,0.863
0.2,470,9.912,0.398,18.744,0.771
0.2,478,9.922,0.407,18.719,0.788
0.2,532,14.536,0.373,27.066,0.708
0.2,543,14.545,0.443,27.212,0.85
0.2,537,14.549,0.394,27.402,0.758
0.2,548,14.563,0.401,27.416,0.773
0.2,622,21.335,0.369,39.376,0.691
0.2,636,21.348,0.435,39.922,0.832
0.2,627,21.354,0.391,39.942,0.742
0.2,641,21.374,0.395,40.061,0.754
0.2,746,31.316,0.368,57.095,0.675
0.2,775,31.333,0.428,58.356,0.811
0.2,756,31.344,0.389,57.998,0.724
0.2,778,31.373,0.39,58.329,0.733
0.2,923,45.969,0.371,82.616,0.661
0.2,996,45.99,0.425,84.863,0.791
0.2,943,46.008,0.391,83.988,0.71
0.2,989,46.049,0.388,84.611,0.713
0.2,1000,67.478,0.384,119.808,0.668
0.2,1185,67.479,0.375,119.59,0.652
0.2,1350,67.506,0.425,122.955,0.775
0.2,1237,67.535,0.396,121.336,0.701
0.2,1000,67.536,0.414,121.797,0.733
0.2,1310,67.594,0.39,122.569,0.7
0.2,1000,68.821,0.468,118.218,0.808
0.2,1000,76.856,0.545,124.009,0.877
0.2,1587,99.058,0.382,173.363,0.646
0.2,1805,99.09,0.428,178.03,0.761
0.2,1698,99.138,0.403,175.62,0.695
0.2,1771,99.222,0.394,177.746,0.691
0.2,2000,145.422,0.389,251.933,0.643
0.2,2191,145.422,0.388,251.773,0.642
0.2,2000,145.454,0.433,258.876,0.754
0.2,2385,145.455,0.431,258.085,0.751
0.2,2000,145.535,0.41,254.892,0.693
0.2,2331,145.535,0.411,254.759,0.693
0.2,2000,145.655,0.401,258.132,0.687
0.2,2410,145.655,0.399,258.27,0.684
0.2,3000,213.491,0.396,366.663,0.642
0.2,3683,213.491,0.396,366.668,0.642
0.2,9000,213.519,0.435,375,0.743
0.2,3000,213.65,0.417,371.095,0.691
0.2,3122,213.651,0.417,371.064,0.691
0.2,9000,313.423,0.403,534.799,0.642
0.2,8000,313.424,0.403,534.885,0.642
0.2,12000,313.433,0.439,547.2,0.739
0.2,10000,313.646,0.423,541.55,0.689
0.2,9000,313.646,0.423,541.597,0.689
0.2,12000,313.897,0.409,548.039,0.678
0.3,46,0.099,0.453,0.182,0.89
0.3,48,0.099,0.459,0.176,0.953
0.3,44,0.099,0.453,0.183,0.853
0.3,73,0.146,0.459,0.267,0.889
0.3,79,0.146,0.458,0.259,0.952
0.3,71,0.146,0.451,0.269,0.852
0.3,100,0.214,0.476,0.392,0.888
0.3,110,0.214,0.534,0.38,0.952
0.3,98,0.214,0.451,0.395,0.851
0.3,141,0.314,0.534,0.558,0.952
0.3,125,0.314,0.451,0.579,0.851
0.3,127,0.314,0.476,0.576,0.888
0.3,172,0.461,0.534,0.819,0.952
0.3,152,0.461,0.451,0.85,0.851
0.3,154,0.461,0.476,0.845,0.888
0.3,183,0.677,0.451,1.246,0.85
0.3,185,0.677,0.477,1.237,0.888
0.3,203,0.677,0.534,1.202,0.953
0.3,214,0.993,0.45,1.828,0.85
0.3,216,0.993,0.476,1.816,0.888
0.3,234,0.993,0.534,1.764,0.952
0.3,246,1.458,0.449,2.684,0.848
0.3,248,1.458,0.476,2.665,0.887
0.3,266,1.458,0.534,2.588,0.952
0.3,282,2.14,0.448,3.934,0.845
0.3,284,2.14,0.475,3.907,0.885
0.3,303,2.14,0.534,3.789,0.952
0.3,321,3.139,0.445,5.772,0.84
0.3,323,3.139,0.473,5.734,0.882
0.3,342,3.139,0.533,5.558,0.951
0.3,364,4.611,0.441,8.468,0.834
0.3,366,4.611,0.47,8.418,0.878
0.3,385,4.611,0.531,8.153,0.948
0.3,414,6.768,0.437,12.424,0.825
0.3,416,6.768,0.466,12.36,0.873
0.3,434,6.768,0.527,11.973,0.945
0.3,471,9.933,0.432,18.228,0.814
0.3,474,9.933,0.462,18.159,0.865
0.3,492,9.933,0.523,17.598,0.94
0.3,542,14.579,0.425,26.715,0.799
0.3,546,14.579,0.456,26.673,0.854
0.3,561,14.579,0.518,25.884,0.934
0.3,637,21.398,0.419,39.044,0.779
0.3,641,21.398,0.449,39.103,0.838
0.3,650,21.398,0.512,38.064,0.926
0.3,776,31.408,0.414,56.78,0.756
0.3,781,31.408,0.443,57.11,0.818
0.3,772,31.408,0.506,55.879,0.914
0.3,985,46.099,0.414,82.265,0.736
0.3,1000,46.099,0.442,82.845,0.799
0.3,1005,46.099,0.442,82.843,0.799
0.3,954,46.099,0.502,81.624,0.9
0.3,1000,67.666,0.485,115.26,0.822
0.3,1295,67.666,0.417,119.107,0.723
0.3,1371,67.666,0.445,119.825,0.784
0.3,1231,67.666,0.502,118.483,0.885
0.3,1000,67.666,0.524,118.328,0.914
0.3,1744,99.325,0.421,172.775,0.711
0.3,1864,99.325,0.448,173.505,0.771
0.3,1611,99.325,0.504,172.085,0.872
0.3,2000,145.684,0.46,250.593,0.705
0.3,2371,145.684,0.459,251.225,0.702
0.3,2456,145.684,0.453,251.582,0.762
0.3,2136,145.684,0.48,250.319,0.862
0.3,2000,145.684,0.478,250.15,0.862
0.3,3583,214.024,0.458,366.048,0.757
0.3,22000,313.941,0.436,532.585,0.695
0.3,6000,313.941,0.465,534.084,0.756
0.3,27000,313.941,0.512,532.597,0.849
0.4,82,0.1,0.479,0.183,0.897
0.4,48,0.1,0.514,0.174,0.94
0.4,49,0.1,0.51,0.172,0.963
0.4,53,0.1,0.519,0.167,0.98
0.4,75,0.146,0.511,0.257,0.939
0.4,80,0.146,0.557,0.252,0.962
0.4,85,0.146,0.521,0.245,0.98
0.4,129,0.146,0.482,0.267,0.898
0.4,111,0.214,0.557,0.37,0.962
0.4,176,0.214,0.483,0.392,0.898
0.4,102,0.214,0.531,0.377,0.939
0.4,117,0.214,0.587,0.36,0.98
0.4,223,0.314,0.483,0.575,0.899
0.4,129,0.314,0.531,0.554,0.939
0.4,142,0.314,0.557,0.543,0.962
0.4,149,0.314,0.587,0.528,0.98
0.4,270,0.461,0.483,0.843,0.899
0.4,173,0.461,0.557,0.797,0.962
0.4,181,0.461,0.587,0.775,0.98
0.4,156,0.461,0.531,0.813,0.939
0.4,317,0.677,0.484,1.237,0.899
0.4,187,0.677,0.533,1.188,0.94
0.4,204,0.677,0.557,1.169,0.962
0.4,213,0.677,0.587,1.138,0.98
0.4,365,0.994,0.485,1.814,0.9
0.4,218,0.994,0.533,1.743,0.94
0.4,236,0.994,0.557,1.716,0.962
0.4,246,0.994,0.588,1.669,0.98
0.4,413,1.459,0.485,2.659,0.901
0.4,250,1.459,0.533,2.558,0.94
0.4,268,1.459,0.557,2.518,0.962
0.4,281,1.459,0.588,2.444,0.98
0.4,471,2.141,0.491,3.873,0.904
0.4,287,2.141,0.534,3.746,0.94
0.4,304,2.141,0.557,3.686,0.961
0.4,318,2.141,0.589,3.582,0.979
0.4,533,3.144,0.493,5.656,0.904
0.4,326,3.144,0.533,5.495,0.939
0.4,342,3.144,0.556,5.404,0.96
0.4,358,3.144,0.589,5.248,0.979
0.4,609,4.614,0.496,8.233,0.903
0.4,369,4.614,0.531,8.061,0.938
0.4,385,4.614,0.555,7.925,0.959
0.4,401,4.614,0.587,7.692,0.978
0.4,697,6.771,0.496,12.011,0.9
0.4,418,6.771,0.528,11.837,0.935
0.4,434,6.771,0.551,11.636,0.957
0.4,450,6.771,0.586,11.281,0.976
0.4,799,9.938,0.495,17.556,0.895
0.4,476,9.938,0.524,17.392,0.931
0.4,490,9.938,0.547,17.098,0.953
0.4,506,9.938,0.584,16.545,0.974
0.4,916,14.587,0.492,25.715,0.888
0.4,545,14.587,0.518,25.571,0.925
0.4,557,14.587,0.543,25.138,0.948
0.4,572,14.587,0.582,24.275,0.971
0.4,1057,21.409,0.488,37.745,0.879
0.4,637,21.409,0.512,37.593,0.915
0.4,654,21.409,0.579,35.614,0.968
0.4,642,21.409,0.537,36.965,0.94
0.4,1237,31.423,0.482,55.373,0.862
0.4,764,31.423,0.506,55.145,0.902
0.4,764,31.423,0.576,52.218,0.962
0.4,758,31.423,0.53,54.287,0.927
0.4,1489,46.121,0.475,80.693,0.835
0.4,952,46.121,0.503,80.409,0.886
0.4,918,46.121,0.574,76.337,0.954
0.4,927,46.121,0.523,79.396,0.909
0.4,1899,67.696,0.472,116.74,0.807
0.4,1234,67.696,0.504,116.371,0.869
0.4,1144,67.696,0.575,110.887,0.944
0.4,1159,67.696,0.52,115.389,0.89
0.4,2746,99.367,0.475,168.837,0.792
0.4,1633,99.367,0.507,168.619,0.854
0.4,1463,99.367,0.578,160.513,0.932
0.4,1489,99.367,0.52,167.762,0.874
0.4,4404,145.858,0.511,246.045,0.782
0.4,2139,145.858,0.521,244.765,0.842
0.4,2139,145.858,0.531,244.766,0.842
0.4,1883,145.858,0.581,232.881,0.921
0.4,1995,145.858,0.52,244.581,0.86
0.5,50,0.1,0.573,0.167,0.968
0.5,51,0.1,0.572,0.166,0.968
0.5,79,0.1,0.576,0.166,0.981
0.5,87,0.1,0.571,0.163,0.988
0.5,82,0.15,0.572,0.245,0.968
0.5,122,0.15,0.571,0.245,0.981
0.5,134,0.15,0.572,0.24,0.988
0.5,113,0.22,0.58,0.359,0.968
0.5,165,0.22,0.588,0.359,0.981
0.5,181,0.22,0.607,0.352,0.988
0.5,65,0.22,0.544,0.372,0.946
0.5,144,0.32,0.58,0.527,0.968
0.5,208,0.32,0.588,0.527,0.981
0.5,228,0.32,0.607,0.516,0.988
0.5,105,0.32,0.545,0.544,0.946
0.5,145,0.46,0.545,0.797,0.946
0.5,176,0.46,0.58,0.774,0.968
0.5,251,0.46,0.588,0.773,0.981
0.5,185,0.68,0.546,1.17,0.946
0.5,208,0.68,0.58,1.136,0.968
0.5,322,0.68,0.608,1.112,0.988
0.5,294,0.68,0.588,1.135,0.981
0.5,226,1,0.546,1.717,0.946
0.5,240,1,0.58,1.666,0.968
0.5,370,1,0.609,1.63,0.988
0.5,338,1,0.589,1.664,0.981
0.5,267,1.46,0.546,2.518,0.946
0.5,419,1.46,0.61,2.388,0.988
0.5,273,1.46,0.58,2.444,0.968
0.5,382,1.46,0.589,2.441,0.981
0.5,317,2.15,0.55,3.673,0.947
0.5,310,2.15,0.582,3.577,0.968
0.5,431,2.15,0.592,3.558,0.981
0.5,469,2.15,0.61,3.5,0.988
0.5,369,3.15,0.55,5.379,0.946
0.5,350,3.15,0.581,5.242,0.968
0.5,484,3.15,0.593,5.205,0.98
0.5,525,3.15,0.613,5.11,0.988
0.5,429,4.63,0.55,7.863,0.945
0.5,393,4.63,0.58,7.686,0.967
0.5,543,4.63,0.595,7.6,0.98
0.5,586,4.63,0.616,7.46,0.987
0.5,496,6.79,0.548,11.523,0.944
0.5,442,6.79,0.578,11.274,0.966
0.5,609,6.79,0.596,11.112,0.978
0.5,654,6.79,0.618,10.891,0.987
0.5,572,9.97,0.546,16.893,0.941
0.5,683,9.97,0.596,16.249,0.976
0.5,497,9.97,0.575,16.541,0.963
0.5,730,9.97,0.62,15.896,0.985
0.5,660,14.63,0.542,24.79,0.936
0.5,562,14.63,0.572,24.282,0.96
0.5,770,14.63,0.595,23.775,0.973
0.5,819,14.63,0.623,23.189,0.984
0.5,767,21.47,0.538,36.399,0.928
0.5,643,21.47,0.568,35.655,0.955
0.5,872,21.47,0.594,34.806,0.968
0.5,925,21.47,0.625,33.824,0.981
0.5,907,31.51,0.532,53.364,0.914
0.5,752,31.51,0.563,52.318,0.947
0.5,995,31.51,0.591,50.997,0.961
0.5,1053,31.51,0.627,49.314,0.978
0.5,1000,31.51,0.624,49.517,0.978
0.5,1097,46.25,0.527,77.765,0.895
0.5,1000,46.25,0.537,77.825,0.91
0.5,910,46.25,0.559,76.489,0.935
0.5,1157,46.25,0.588,74.624,0.952
0.5,1208,46.25,0.63,71.83,0.974
0.5,1000,46.25,0.605,86.483,0.97
0.5,1376,67.88,0.527,112.574,0.875
0.5,1136,67.88,0.558,110.903,0.918
0.5,1000,67.88,0.564,111.667,0.929
0.5,1380,67.88,0.584,108.763,0.937
0.5,1399,67.88,0.633,104.419,0.969
0.5,1810,99.64,0.531,162.499,0.859
0.5,1451,99.64,0.563,160.197,0.904
0.5,1698,99.64,0.584,157.697,0.922
0.5,1672,99.64,0.639,151.065,0.964
0.5,2000,146.25,0.539,237.711,0.856
0.5,2562,146.25,0.537,236.03,0.849
0.5,1906,146.25,0.567,232.296,0.894
0.5,2210,146.25,0.588,228.842,0.912
0.5,2000,146.25,0.646,218.002,0.957
0.5,2100,146.25,0.647,217.508,0.958
0.5,46000,315.11,0.546,503.012,0.839
0.5,38000,315.11,0.596,487.624,0.902
0.5,7000,315.11,0.66,458.139,0.95
0.5,6000,315.11,0.66,458.275,0.95
0.6,54,0.1,0.596,0.16,0.98
0.6,59,0.1,0.599,0.157,0.989
0.6,50,0.1,0.598,0.162,0.969
0.6,81,0.147,0.596,0.239,0.969
0.6,86,0.147,0.598,0.235,0.979
0.6,95,0.147,0.597,0.231,0.989
0.6,118,0.215,0.614,0.345,0.979
0.6,131,0.215,0.634,0.34,0.989
0.6,112,0.215,0.596,0.35,0.969
0.6,143,0.316,0.596,0.514,0.969
0.6,150,0.316,0.614,0.507,0.979
0.6,167,0.316,0.634,0.499,0.989
0.6,182,0.463,0.614,0.744,0.98
0.6,203,0.463,0.634,0.732,0.989
0.6,175,0.463,0.596,0.754,0.969
0.6,215,0.68,0.615,1.09,0.98
0.6,240,0.68,0.635,1.073,0.989
0.6,207,0.68,0.597,1.107,0.969
0.6,250,0.998,0.616,1.597,0.98
0.6,277,0.998,0.635,1.575,0.99
0.6,239,0.998,0.596,1.624,0.969
0.6,286,1.464,0.617,2.342,0.98
0.6,274,1.464,0.597,2.378,0.969
0.6,314,1.464,0.635,2.311,0.99
0.6,311,2.15,0.597,3.486,0.969
0.6,324,2.15,0.617,3.433,0.98
0.6,352,2.15,0.635,3.388,0.989
0.6,351,3.156,0.597,5.11,0.969
0.6,365,3.156,0.617,5.029,0.98
0.6,394,3.156,0.636,4.96,0.989
0.6,395,4.629,0.596,7.492,0.968
0.6,410,4.629,0.617,7.367,0.979
0.6,440,4.629,0.636,7.264,0.989
0.6,444,6.794,0.594,10.993,0.967
0.6,461,6.794,0.616,10.796,0.978
0.6,493,6.794,0.636,10.635,0.987
0.6,500,9.971,0.591,16.128,0.964
0.6,520,9.971,0.615,15.816,0.976
0.6,554,9.971,0.635,15.566,0.985
0.6,566,14.635,0.587,23.667,0.96
0.6,590,14.635,0.613,23.175,0.974
0.6,626,14.635,0.635,22.775,0.982
0.6,648,21.48,0.583,34.726,0.955
0.6,677,21.48,0.611,33.949,0.97
0.6,713,21.48,0.634,33.304,0.979
0.6,756,31.527,0.579,50.862,0.946
0.6,790,31.527,0.609,49.681,0.965
0.6,822,31.527,0.634,48.639,0.974
0.6,905,46.274,0.576,74.173,0.933
0.6,940,46.274,0.608,72.52,0.958
0.6,965,46.274,0.636,70.835,0.968
0.6,1118,67.918,0.577,107.519,0.918
0.6,1000,67.918,0.58,107.99,0.925
0.6,1140,67.918,0.608,105.311,0.947
0.6,1000,67.918,0.618,105.52,0.958
0.6,1000,67.918,0.639,103.818,0.966
0.6,1149,67.918,0.639,102.659,0.959
0.6,1403,99.689,0.582,155.089,0.904
0.6,1417,99.689,0.613,151.908,0.934
0.6,1376,99.689,0.643,148.287,0.948
0.6,1814,146.326,0.631,224.364,0.925
0.6,1814,146.326,0.623,224.364,0.895
0.6,1819,146.326,0.611,219.358,0.925
0.6,1814,146.326,0.647,224.364,0.893
0.6,1681,146.326,0.659,213.844,0.939
0.6,11000,214.941,0.655,310.155,0.933
0.6,21000,214.941,0.655,310.134,0.933
0.7,57,0.1,0.64,0.156,0.985
0.7,61,0.1,0.641,0.155,0.994
0.7,63,0.1,0.647,0.154,0.997
0.7,53,0.1,0.626,0.157,0.979
0.7,91,0.147,0.638,0.229,0.985
0.7,99,0.147,0.645,0.228,0.994
0.7,102,0.147,0.651,0.226,0.997
0.7,85,0.147,0.624,0.231,0.979
0.7,125,0.215,0.638,0.337,0.985
0.7,137,0.215,0.653,0.334,0.994
0.7,141,0.215,0.662,0.332,0.997
0.7,117,0.215,0.624,0.34,0.979
0.7,161,0.316,0.639,0.493,0.985
0.7,175,0.316,0.653,0.49,0.994
0.7,180,0.316,0.662,0.487,0.997
0.7,149,0.316,0.624,0.499,0.979
0.7,197,0.463,0.639,0.724,0.985
0.7,181,0.463,0.624,0.732,0.979
0.7,213,0.463,0.653,0.72,0.994
0.7,219,0.463,0.662,0.715,0.997
0.7,233,0.68,0.639,1.062,0.986
0.7,251,0.68,0.653,1.056,0.994
0.7,214,0.68,0.625,1.073,0.979
0.7,258,0.68,0.662,1.049,0.997
0.7,269,0.999,0.639,1.559,0.986
0.7,250,0.999,0.626,1.571,0.979
0.7,289,0.999,0.654,1.549,0.994
0.7,297,0.999,0.662,1.539,0.997
0.7,286,1.466,0.627,2.305,0.98
0.7,306,1.466,0.64,2.285,0.986
0.7,328,1.466,0.654,2.271,0.994
0.7,336,1.466,0.663,2.257,0.997
0.7,345,2.152,0.641,3.349,0.986
0.7,324,2.152,0.627,3.379,0.98
0.7,368,2.152,0.655,3.329,0.994
0.7,377,2.152,0.664,3.306,0.997
0.7,387,3.159,0.642,4.903,0.986
0.7,365,3.159,0.627,4.951,0.98
0.7,411,3.159,0.656,4.874,0.994
0.7,420,3.159,0.665,4.839,0.997
0.7,411,4.636,0.627,7.253,0.98
0.7,433,4.636,0.642,7.179,0.986
0.7,458,4.636,0.657,7.133,0.994
0.7,467,4.636,0.667,7.074,0.996
0.7,464,6.8,0.626,10.629,0.979
0.7,485,6.8,0.642,10.508,0.985
0.7,511,6.8,0.658,10.432,0.993
0.7,519,6.8,0.669,10.335,0.996
0.7,524,9.98,0.625,15.575,0.977
0.7,544,9.98,0.642,15.372,0.984
0.7,571,9.98,0.658,15.249,0.991
0.7,577,9.98,0.672,15.085,0.995
0.7,596,14.65,0.623,22.816,0.974
0.7,614,14.65,0.642,22.473,0.982
0.7,641,14.65,0.66,22.262,0.989
0.7,645,14.65,0.675,21.968,0.993
0.7,684,21.502,0.621,33.41,0.97
0.7,699,21.502,0.643,32.827,0.98
0.7,725,21.502,0.662,32.457,0.985
0.7,729,21.502,0.68,31.928,0.99
0.7,795,31.555,0.619,48.852,0.965
0.7,809,31.555,0.644,47.876,0.976
0.7,830,31.555,0.665,47.232,0.981
0.7,833,31.555,0.685,46.309,0.987
0.7,938,46.314,0.618,71.225,0.957
0.7,952,46.314,0.645,69.668,0.971
0.7,962,46.314,0.67,68.544,0.977
0.7,962,46.314,0.692,66.993,0.984
0.7,1133,67.978,0.62,103.421,0.948
0.7,1000,67.978,0.626,103.786,0.957
0.7,1134,67.978,0.649,101.058,0.964
0.7,1000,67.978,0.651,101.707,0.968
0.7,1130,68.02,0.676,99.064,0.972
0.7,1122,68.02,0.701,96.611,0.98
0.7,1000,68.02,0.663,101.359,0.973
0.7,1000,68.02,0.686,99.152,0.982
0.7,1391,99.775,0.625,149.306,0.938
0.7,1359,99.775,0.655,145.919,0.956
0.7,1335,99.775,0.685,142.472,0.965
0.7,1320,99.775,0.712,138.898,0.977
0.7,1737,146.451,0.634,215.127,0.928
0.7,1674,146.451,0.665,209.906,0.949
0.7,1603,146.451,0.696,204.439,0.959
0.7,1578,146.451,0.726,199.26,0.976
0.7,2000,215.055,0.701,293.881,0.956
0.7,2158,215.055,0.707,293.824,0.955
0.7,2000,215.055,0.707,285.611,0.977
0.7,2040,215.055,0.719,285.562,0.977
0.7,47000,315.54,0.707,452.278,0.92
0.7,26000,315.54,0.717,424.862,0.953
0.7,22000,315.54,0.753,410.458,0.977
0.8,90,0.1,0.639,0.157,0.989
0.8,100,0.1,0.651,0.156,0.996
0.8,101,0.1,0.655,0.156,0.998
0.8,83,0.1,0.631,0.157,0.985
0.8,140,0.1,0.637,0.231,0.989
0.8,155,0.1,0.649,0.23,0.996
0.8,159,0.1,0.655,0.229,0.998
0.8,133,0.1,0.632,0.23,0.986
0.8,190,0.2,0.637,0.339,0.989
0.8,210,0.2,0.649,0.337,0.996
0.8,216,0.2,0.655,0.336,0.998
0.8,185,0.2,0.634,0.337,0.986
0.8,240,0.3,0.637,0.497,0.989
0.8,265,0.3,0.649,0.495,0.996
0.8,273,0.3,0.655,0.493,0.998
0.8,244,0.3,0.637,0.492,0.986
0.8,290,0.5,0.637,0.73,0.989
0.8,320,0.5,0.649,0.727,0.996
0.8,330,0.5,0.655,0.723,0.998
0.8,307,0.5,0.639,0.72,0.987
0.8,378,0.7,0.642,1.051,0.986
0.8,340,0.7,0.638,1.071,0.99
0.8,375,0.7,0.649,1.066,0.996
0.8,387,0.7,0.655,1.061,0.998
0.8,456,1,0.643,1.534,0.985
0.8,390,1,0.638,1.571,0.99
0.8,430,1,0.649,1.564,0.996
0.8,444,1,0.655,1.556,0.998
0.8,547,1.5,0.645,2.237,0.983
0.8,441,1.5,0.639,2.302,0.99
0.8,484,1.5,0.649,2.295,0.996
0.8,501,1.5,0.656,2.282,0.998
0.8,653,2.2,0.646,3.263,0.98
0.8,494,2.2,0.641,3.369,0.99
0.8,541,2.2,0.651,3.358,0.996
0.8,557,2.2,0.656,3.347,0.998
0.8,779,3.2,0.648,4.754,0.977
0.8,553,3.2,0.645,4.915,0.99
0.8,602,3.2,0.654,4.906,0.996
0.8,617,3.2,0.659,4.889,0.998
0.8,931,4.6,0.65,6.918,0.972
0.8,616,4.6,0.648,7.178,0.99
0.8,668,4.6,0.657,7.163,0.996
0.8,682,4.6,0.663,7.132,0.997
0.8,1000,6.8,0.655,10.108,0.971
0.8,1124,6.8,0.654,10.038,0.966
0.8,686,6.8,0.651,10.467,0.99
0.8,739,6.8,0.66,10.452,0.995
0.8,752,6.8,0.667,10.394,0.997
0.8,1386,10,0.66,14.51,0.959
0.8,816,10,0.663,15.233,0.993
0.8,761,10,0.654,15.265,0.989
0.8,828,10,0.672,15.124,0.995
0.8,1736,14.7,0.669,20.872,0.951
0.8,847,14.7,0.657,22.222,0.987
0.8,902,14.7,0.667,22.166,0.991
0.8,914,14.7,0.678,21.959,0.994
0.8,2000,21.5,0.665,30.365,0.946
0.8,2460,21.5,0.681,30.057,0.946
0.8,1003,21.5,0.652,32.19,0.988
0.8,947,21.5,0.65,32.333,0.985
0.8,1000,21.5,0.682,32.211,0.988
0.8,1000,21.5,0.681,31.945,0.991
0.8,1015,21.5,0.684,31.819,0.991
0.8,40000,31.6,0.692,43.469,0.942
0.8,1064,31.6,0.665,46.968,0.982
0.8,1120,31.6,0.678,46.698,0.984
0.8,1132,31.6,0.692,46.025,0.988
0.8,1000,31.6,0.655,47.573,0.981
0.8,1204,46.4,0.669,68.126,0.978
0.8,1258,46.4,0.685,67.57,0.98
0.8,1270,46.4,0.701,66.399,0.985
0.8,1377,68,0.676,98.602,0.973
0.8,1421,68,0.694,97.495,0.975
0.8,1433,68,0.712,95.566,0.981
0.8,1595,99.9,0.683,142.379,0.967
0.8,1626,99.9,0.707,139.996,0.971
0.8,1628,99.9,0.724,137.158,0.978
0.8,1882,146.6,0.697,204.838,0.961
0.8,1898,146.6,0.732,199.755,0.967
0.8,1875,146.6,0.713,204.294,0.976
0.8,2508,215.2,0.711,292.694,0.96
0.8,2000,215.2,0.697,302.34,0.964
0.8,2387,215.2,0.742,284.204,0.967
0.8,2000,215.2,0.717,297.591,0.967
0.8,2311,215.2,0.76,279.085,0.978
0.8,2000,215.2,0.741,288.477,0.976
0.8,28000,315.8,0.723,423.201,0.959
0.8,4000,315.8,0.723,422.812,0.957
0.8,3000,315.8,0.723,422.351,0.958
0.8,3405,315.8,0.754,408.311,0.967
0.8,3000,315.8,0.755,408.285,0.967
0.8,3000,315.8,0.776,399.468,0.98
0.8,3285,315.8,0.776,399.4,0.98
0.9,61,0.1,0.636352,0.153,0.993
0.9,66,0.1,0.645136,0.152,0.997
0.9,65,0.1,0.648064,0.152,0.998
0.9,57,0.1,0.630496,0.153,0.99
0.9,98,0.147,0.617808,0.224,0.993
0.9,106,0.147,0.635376,0.224,0.997
0.9,105,0.147,0.636352,0.223,0.998
0.9,92,0.147,0.627568,0.225,0.998
0.9,135,0.215,0.647088,0.329,0.993
0.9,147,0.215,0.655872,0.328,0.997
0.9,145,0.215,0.6588,0.328,0.998
0.9,127,0.215,0.641232,0.33,0.99
0.9,172,0.316,0.647088,0.484,0.993
0.9,188,0.316,0.655872,0.482,0.998
0.9,185,0.316,0.6588,0.481,0.998
0.9,163,0.316,0.641232,0.484,0.99
0.9,209,0.464,0.647088,0.71,0.993
0.9,229,0.464,0.655872,0.707,0.998
0.9,225,0.464,0.6588,0.706,0.998
0.9,199,0.464,0.641232,0.71,0.99
0.9,246,0.681,0.647088,1.041,0.993
0.9,269,0.681,0.655872,1.038,0.998
0.9,265,0.681,0.6588,1.036,0.998
0.9,235,0.681,0.642208,1.042,0.99
0.9,272,1,0.643184,1.528,0.99
0.9,284,1,0.648064,1.526,0.993
0.9,310,1,0.655872,1.522,0.998
0.9,306,1,0.659776,1.518,0.998
0.9,323,1.467,0.64904,2.237,0.993
0.9,352,1.467,0.656848,2.231,0.997
0.9,310,1.467,0.64416,2.24,0.991
0.9,348,1.467,0.660752,2.225,0.998
0.9,397,2.153,0.6588,3.267,0.997
0.9,350,2.153,0.645136,3.281,0.991
0.9,365,2.153,0.650992,3.274,0.993
0.9,391,2.153,0.661728,3.26,0.998
0.9,393,3.161,0.646112,4.804,0.991
0.9,409,3.161,0.651968,4.794,0.993
0.9,444,3.161,0.659776,4.784,0.997
0.9,436,3.161,0.66368,4.772,0.998
0.9,440,4.64,0.647088,7.031,0.992
0.9,494,4.64,0.660752,7.002,0.997
0.9,456,4.64,0.65392,7.013,0.993
0.9,485,4.64,0.665632,6.973,0.998
0.9,494,6.809,0.648064,10.28,0.991
0.9,508,6.809,0.654896,10.249,0.993
0.9,549,6.809,0.662704,10.233,0.996
0.9,540,6.809,0.66856,10.178,0.997
0.9,554,9.996,0.64904,15.025,0.99
0.9,610,9.996,0.664656,14.942,0.995
0.9,566,9.996,0.656848,14.963,0.992
0.9,600,9.996,0.671488,14.843,0.996
0.9,625,14.668,0.650016,21.927,0.988
0.9,681,14.668,0.66856,21.765,0.992
0.9,633,14.668,0.659776,21.807,0.99
0.9,670,14.668,0.676368,21.586,0.994
0.9,709,21.528,0.651968,31.965,0.986
0.9,765,21.528,0.672464,31.645,0.989
0.9,713,21.528,0.662704,31.723,0.988
0.9,753,21.528,0.681248,31.326,0.992
0.9,812,31.596,0.654896,46.512,0.982
0.9,866,31.596,0.67832,45.892,0.986
0.9,814,31.596,0.667584,46.04,0.984
0.9,856,31.596,0.68808,45.333,0.989
0.9,942,46.374,0.6588,67.518,0.978
0.9,943,46.374,0.67344,66.655,0.981
0.9,991,46.374,0.687104,66.315,0.982
0.9,982,46.374,0.696864,65.415,0.985
0.9,1000,68.036,0.655872,97.936,0.981
0.9,1000,68.036,0.680272,98.081,0.986
0.9,1111,68.036,0.664656,97.691,0.973
0.9,1000,68.036,0.659776,98.708,0.975
0.9,1104,68.036,0.681248,96.225,0.976
0.9,1144,68.036,0.69784,95.431,0.978
0.9,1000,68.036,0.672464,97.596,0.976
0.9,1137,68.036,0.7076,94.036,0.982
0.9,1327,99.921,0.672464,140.908,0.969
0.9,1298,99.921,0.691984,138.566,0.972
0.9,1331,99.921,0.711504,136.749,0.975
0.9,1325,99.921,0.721264,134.705,0.979
0.9,1594,146.659,0.682224,202.919,0.965
0.9,1530,146.659,0.664656,199.159,0.969
0.9,1563,146.659,0.684176,195.271,0.974
0.9,1554,146.659,0.73688,192.519,0.978
0.9,1903,215.26,0.719312,285.114,0.967
0.9,1900,215.26,0.7564,274.194,0.98
0.9,50000,315.967,0.7076,419.906,0.958
0.9,33000,315.967,0.762256,398.376,0.977
0.9,2544,315.967,0.772016,391.751,0.982
0.9,2000,315.967,0.745664,409.685,0.975
